HouseID,Area_sqft,Bedrooms,Bathrooms,Floors,YearBuilt,HouseAge,Location,Garage,HasGarden,DistanceToCityCenter_km,SchoolRating,CrimeRate,Price
1,1360,4,3,1,2000,26,Uptown,No,No,8.8,10,1.54,31616000
2,4272,1,1,1,1972,54,Suburb,Yes,No,13.28,1,8.49,52712000
3,3592,2,4,1,1977,49,Uptown,Yes,Yes,32.86,7,6.77,54041000
4,966,3,2,2,1996,30,Rural,Yes,Yes,21.69,1,1.93,24901000
5,4926,6,2,1,1972,54,Waterfront,Yes,No,34.47,9,2.74,69044000
6,3944,2,3,2,1995,31,Uptown,No,No,8.91,1,7.95,52910000
7,3671,2,1,2,1990,36,Suburb,Yes,Yes,24.51,5,4.55,57000000
8,3419,3,1,2,1961,65,Suburb,No,No,3.81,7,6.67,50607000
9,630,2,3,3,1975,51,Rural,Yes,Yes,25.9,3,3.22,10893000
10,2185,3,1,3,1968,58,Suburb,Yes,Yes,30.62,9,3.84,36533000
11,1269,1,4,2,1968,58,Downtown,Yes,No,23.6,8,9.81,23331000
12,2891,3,2,3,1997,29,Waterfront,Yes,Yes,11.02,3,2.53,44681000
13,2933,3,3,1,1970,56,Uptown,No,No,1.74,5,5.06,45315000
14,1684,4,3,1,2013,13,Waterfront,Yes,No,5.22,7,8.38,25185000
15,5055,3,1,2,2015,11,Rural,Yes,No,25.08,4,2.44,53711000
16,3885,3,3,1,1981,45,Uptown,No,Yes,37.41,5,4.17,50920000
17,4617,6,4,2,1992,34,Uptown,Yes,Yes,8.66,3,6.13,60755000
18,5343,1,1,2,1995,31,Downtown,No,Yes,29.53,9,4.82,71619000
19,3404,4,1,1,2004,22,Rural,Yes,No,34.72,10,4.6,40271000
20,974,6,1,3,1982,44,Suburb,Yes,No,21.07,9,3.65,15997000
21,1582,5,1,1,2004,22,Downtown,Yes,No,26.94,7,5.85,38444000
22,3058,1,4,1,2004,22,Downtown,Yes,No,32.69,10,6.22,45046000
23,2547,1,1,2,1993,33,Waterfront,Yes,No,10.8,2,6.5,40507000
24,3247,5,3,2,1968,58,Waterfront,Yes,No,12.23,7,0.79,45309000
25,1475,3,4,2,1983,43,Waterfront,No,Yes,0.52,7,6.28,29418000
26,2306,6,2,2,1967,59,Downtown,No,Yes,38.54,5,9.44,38987000
27,689,2,2,3,1966,60,Suburb,Yes,No,36.74,9,5.4,10664000
28,3234,4,3,3,1995,31,Uptown,Yes,Yes,30.7,3,7.11,50021000
29,3505,2,3,3,1977,49,Waterfront,Yes,Yes,3.62,4,5.56,50243000
30,5158,5,4,2,1962,64,Suburb,Yes,No,18.18,1,8.48,65726000
31,2399,1,2,2,1987,39,Rural,No,No,4.52,6,9.21,28701000
32,1767,1,2,2,1965,61,Waterfront,Yes,Yes,1.13,4,1.91,42140000
33,2028,4,2,3,2003,23,Uptown,Yes,No,24.84,1,4.38,34433000
34,3702,1,2,2,2003,23,Rural,Yes,No,38.45,2,3.95,39904000
35,4056,1,2,1,1980,46,Rural,No,Yes,36.16,3,4.07,52553000
36,4390,4,1,1,1987,39,Uptown,Yes,Yes,28.02,9,1.33,54844000
37,1146,6,3,2,1999,27,Waterfront,Yes,Yes,4.32,8,8.07,31767000
38,3388,6,1,1,2013,13,Downtown,Yes,No,11.33,7,0.45,43245000
39,2935,4,2,1,2013,13,Uptown,Yes,No,13.14,4,5.28,38374000
40,1100,5,4,3,1960,66,Uptown,Yes,No,30.64,1,6.59,25478000
41,2863,1,4,2,1995,31,Uptown,Yes,No,32.19,8,2.13,46893000
42,2561,1,2,2,1980,46,Rural,No,Yes,15.71,4,8.98,33659000
43,741,5,2,3,2019,7,Suburb,Yes,Yes,17.01,3,8.32,19346000
44,2541,6,4,1,2002,24,Downtown,Yes,No,2.26,9,4.72,43625000
45,3324,3,1,1,1994,32,Waterfront,No,Yes,11.92,10,4.13,43978000
46,3112,3,1,2,1972,54,Waterfront,No,Yes,18.33,4,2.42,44090000
47,1863,3,2,1,2016,10,Suburb,Yes,Yes,5.12,4,7.25,28660000
48,1978,6,1,3,2008,18,Uptown,Yes,Yes,18.4,9,1.39,42543000
49,3056,6,4,3,2013,13,Downtown,Yes,Yes,34.2,2,6.77,50863000
50,1275,5,1,2,2013,13,Waterfront,No,Yes,23.46,5,8.36,20349000
51,4514,1,2,3,1969,57,Waterfront,Yes,Yes,3.62,4,2.34,64962000
52,534,5,4,3,2012,14,Uptown,Yes,Yes,8.07,9,8.59,19879000
53,3652,5,1,2,2003,23,Suburb,Yes,No,19.24,5,0.43,48269000
54,2455,6,3,3,2006,20,Downtown,Yes,No,14.78,9,9.05,46547000
55,2085,3,4,3,2012,14,Suburb,Yes,Yes,14.67,9,1.26,41089000
56,4443,2,4,3,1969,57,Suburb,Yes,No,21.41,2,6.43,62586000
57,3573,1,3,1,2005,21,Downtown,Yes,Yes,23.58,9,2.55,48017000
58,1521,6,3,2,1972,54,Downtown,Yes,No,31.98,3,8.3,28928000
59,3961,3,4,2,1996,30,Waterfront,Yes,No,13.97,4,5.12,60567000
60,3113,2,3,2,1997,29,Waterfront,Yes,No,32.32,1,1.43,52427000
61,4343,2,2,1,1983,43,Downtown,Yes,No,13.88,1,5.7,56436000
62,2000,6,2,1,1961,65,Rural,Yes,Yes,2.69,1,4.1,29304000
63,5298,4,2,2,1981,45,Waterfront,Yes,Yes,22.39,9,6.58,68223000
64,661,1,4,1,1976,50,Rural,No,No,23.72,8,8.74,6607000
65,4797,2,3,2,1995,31,Downtown,No,Yes,37.41,5,4.11,68740000
66,2481,6,3,1,1973,53,Waterfront,No,Yes,29.18,5,2.94,49945000
67,1495,6,1,3,1969,57,Suburb,Yes,No,36.75,9,0.24,27857000
68,5411,3,1,3,1994,32,Downtown,Yes,No,36.38,3,5.73,76146000
69,3842,4,3,2,1984,42,Uptown,Yes,No,24.38,3,4.04,56407000
70,5051,1,3,1,1962,64,Rural,Yes,Yes,21.35,7,3.77,57906000
71,4298,5,3,1,2006,20,Downtown,Yes,No,22.52,9,1.89,64675000
72,1775,3,4,3,1997,29,Downtown,No,Yes,39.14,6,4.31,40711000
73,1516,2,3,3,1976,50,Waterfront,Yes,Yes,31.04,2,9.75,29290000
74,837,2,1,1,1971,55,Waterfront,Yes,No,4.7,1,3.02,29510000
75,1378,3,4,1,2013,13,Waterfront,No,Yes,31.25,2,5.98,16235000
76,1576,6,3,1,2011,15,Uptown,No,Yes,7.24,1,7.71,35335000
77,5387,2,1,1,1983,43,Waterfront,No,No,18.17,10,7.44,72725000
78,4493,4,4,1,1988,38,Downtown,Yes,Yes,8.81,10,3.32,63708000
79,5359,1,3,1,2002,24,Waterfront,Yes,Yes,27.74,9,6.09,73231000
80,879,4,3,2,1984,42,Suburb,Yes,Yes,35.15,10,8.64,10687000
81,992,2,3,1,1995,31,Waterfront,Yes,Yes,11.97,8,0.25,25218000
82,2562,5,4,3,2017,9,Uptown,Yes,Yes,3.74,7,4.37,46243000
83,4384,1,1,2,2019,7,Suburb,Yes,No,12.29,3,2.3,64378000
84,564,1,1,1,1985,41,Downtown,No,No,27.06,8,3.91,14127000
85,3068,3,2,3,1997,29,Downtown,Yes,Yes,13.49,2,4.18,42970000
86,2527,3,3,2,1960,66,Rural,No,No,11.49,2,7.42,31045000
87,3195,5,2,3,1979,47,Suburb,No,Yes,7.79,10,1.02,52624000
88,1995,6,2,1,2014,12,Rural,Yes,Yes,20.15,3,5.12,32547000
89,891,1,1,1,1987,39,Suburb,No,No,11.4,7,5.63,14985000
90,5014,5,4,1,1975,51,Suburb,Yes,Yes,29.37,1,4.94,68310000
91,4974,3,4,1,2006,20,Uptown,Yes,No,3.53,8,7.27,68881000
92,4061,3,1,2,1976,50,Rural,No,Yes,26.73,7,3.86,55619000
93,2778,1,4,2,1999,27,Uptown,Yes,No,9.88,4,9.36,38293000
94,3599,4,2,3,1987,39,Suburb,No,Yes,19.83,5,4.82,48567000
95,700,2,3,1,2017,9,Downtown,Yes,Yes,11.8,10,5.7,19949000
96,5375,3,1,3,1971,55,Suburb,Yes,Yes,29.05,1,8.19,59846000
97,3604,6,3,2,1986,40,Uptown,Yes,No,37.84,4,2.8,54671000
98,5098,6,4,1,2013,13,Rural,Yes,No,36.72,1,0.84,66374000
99,2954,3,3,1,2012,14,Rural,Yes,No,23.55,1,7.04,38846000
100,4145,4,4,2,2001,25,Uptown,Yes,Yes,18.77,10,4.83,59238000
101,1304,4,4,2,2018,8,Rural,No,Yes,32.82,1,8.89,14519000
102,3231,5,2,2,2006,20,Waterfront,No,Yes,27.49,7,9.73,48935000
103,3273,6,4,2,1989,37,Downtown,Yes,No,7.75,7,4.01,50974000
104,2070,5,2,2,2000,26,Downtown,No,No,32.93,4,4.17,32172000
105,3190,6,2,1,1993,33,Downtown,No,Yes,17.44,2,4.1,48460000
106,4340,2,2,2,1996,30,Rural,No,No,7.96,3,3.28,55894000
107,1528,2,1,1,1965,61,Rural,Yes,Yes,11.63,8,7.76,31846000
108,1002,1,1,1,1966,60,Suburb,Yes,No,11.07,8,7.54,19618000
109,4993,5,4,2,1991,35,Suburb,No,No,21.01,6,4.79,68101000
110,1370,3,2,2,1991,35,Downtown,Yes,Yes,9.76,10,0.54,29483000
111,4988,5,1,1,2012,14,Waterfront,No,Yes,5.38,9,3.13,62058000
112,706,3,2,2,1984,42,Suburb,Yes,No,5.39,9,2.96,18768000
113,1984,4,3,2,1992,34,Suburb,Yes,No,23.54,4,8.05,32451000
114,1363,5,3,2,2014,12,Rural,Yes,No,29.52,1,0.96,35748000
115,3290,4,3,3,2017,9,Waterfront,Yes,No,13.2,1,8.0,50782000
116,1063,2,4,1,1966,60,Downtown,Yes,Yes,1.87,10,6.66,27040000
117,4691,2,2,3,2011,15,Suburb,No,No,5.53,5,7.28,61248000
118,2257,1,3,2,2016,10,Waterfront,Yes,No,36.63,2,4.34,31724000
119,2178,5,1,3,2021,5,Waterfront,No,No,19.99,6,6.76,45517000
120,3742,4,3,2,1971,55,Downtown,No,Yes,18.42,7,6.07,58628000
121,5136,3,3,3,1975,51,Waterfront,Yes,Yes,2.0,1,7.64,75115000
122,1559,2,3,2,1975,51,Waterfront,No,Yes,29.28,6,4.48,26041000
123,2222,2,4,3,2002,24,Waterfront,No,Yes,21.36,8,4.73,46891000
124,3814,3,1,3,2012,14,Suburb,No,Yes,8.48,5,6.41,45257000
125,3657,4,2,3,1995,31,Downtown,No,Yes,4.85,7,1.16,58279000
126,3125,4,1,1,1972,54,Waterfront,No,Yes,15.64,10,4.38,60176000
127,3229,5,2,3,1966,60,Waterfront,Yes,Yes,33.57,6,9.63,45421000
128,2097,5,4,1,1995,31,Suburb,Yes,No,34.68,4,0.47,31789000
129,3560,6,4,2,2006,20,Downtown,No,Yes,24.31,7,3.2,56036000
130,3193,6,4,3,2010,16,Rural,Yes,Yes,29.24,10,3.18,44066000
131,5391,1,4,2,1968,58,Suburb,Yes,Yes,5.05,9,6.31,61759000
132,4127,2,2,2,1991,35,Downtown,Yes,Yes,23.73,10,1.14,59207000
133,1863,5,3,3,1970,56,Waterfront,No,No,26.85,10,6.26,31299000
134,2481,4,2,1,1967,59,Downtown,Yes,Yes,8.43,7,1.03,43781000
135,2163,3,1,3,1992,34,Downtown,No,No,35.27,5,1.03,31284000
136,2029,4,4,2,1982,44,Downtown,Yes,No,8.2,7,7.24,44859000
137,2538,2,4,2,1984,42,Rural,Yes,No,12.88,3,3.28,30925000
138,3802,6,1,3,2015,11,Downtown,Yes,No,25.01,2,9.68,54261000
139,2737,4,2,1,1967,59,Rural,Yes,No,25.71,5,0.47,41051000
140,1806,1,3,1,2004,22,Waterfront,No,No,28.13,4,4.46,26226000
141,4529,2,3,2,1981,45,Rural,No,Yes,4.92,5,1.21,58148000
142,3175,6,1,2,2018,8,Waterfront,No,Yes,34.05,8,3.54,58009000
143,1782,3,3,1,1963,63,Waterfront,Yes,No,21.55,4,9.88,24649000
144,1209,6,2,3,1999,27,Rural,Yes,Yes,19.12,9,8.81,24202000
145,5244,1,2,2,1962,64,Suburb,No,Yes,39.25,7,0.57,66658000
146,4913,2,1,1,1988,38,Uptown,No,No,29.74,10,5.62,68315000
147,4248,3,2,2,2000,26,Downtown,Yes,No,5.16,7,6.45,54330000
148,5279,1,4,3,1988,38,Uptown,Yes,Yes,30.38,8,2.15,63641000
149,1163,6,1,1,1993,33,Downtown,Yes,No,4.26,6,1.52,30734000
150,2498,1,2,2,1993,33,Downtown,No,Yes,1.59,8,8.96,41167000
151,3945,2,1,3,1987,39,Waterfront,Yes,No,16.44,3,9.59,57313000
152,4243,5,3,2,1972,54,Downtown,Yes,Yes,39.75,10,9.82,62495000
153,1995,1,2,3,1974,52,Downtown,Yes,Yes,7.41,10,7.84,31220000
154,3804,1,4,3,2019,7,Rural,No,No,27.07,1,6.6,48688000
155,4263,6,2,1,1982,44,Uptown,Yes,Yes,7.35,6,3.49,62827000
156,2353,6,1,3,2003,23,Rural,Yes,No,29.13,1,1.78,30542000
157,5159,3,1,2,1985,41,Downtown,Yes,Yes,20.46,9,0.87,79640000
158,1791,6,2,3,1963,63,Waterfront,Yes,Yes,27.36,2,6.89,37361000
159,4081,4,4,3,1985,41,Rural,Yes,No,8.51,2,7.79,47123000
160,3957,2,4,1,1999,27,Rural,No,Yes,29.95,7,8.2,53208000
161,2136,2,4,3,1968,58,Suburb,No,Yes,39.83,2,9.05,26558000
162,4196,5,1,3,2014,12,Downtown,No,Yes,26.79,10,8.72,64784000
163,3499,5,2,2,1964,62,Waterfront,No,No,19.99,8,9.9,59068000
164,3652,2,3,1,2015,11,Rural,Yes,No,36.97,6,2.49,42579000
165,1198,5,1,1,1991,35,Rural,No,No,1.13,7,7.58,25932000
166,2660,3,4,1,1979,47,Waterfront,Yes,Yes,29.33,7,5.85,46092000
167,4597,6,2,3,2009,17,Downtown,No,Yes,35.61,6,2.66,69943000
168,5237,2,4,1,1970,56,Suburb,No,Yes,2.94,10,9.72,77319000
169,1354,5,3,3,1974,52,Rural,Yes,No,18.28,9,8.9,22622000
170,3974,2,4,3,1991,35,Suburb,Yes,Yes,8.59,9,1.36,52016000
171,2207,4,4,2,1987,39,Uptown,Yes,No,22.88,7,0.36,33830000
172,3277,1,3,2,1981,45,Downtown,Yes,Yes,26.16,9,6.85,44117000
173,2233,6,2,2,2000,26,Uptown,Yes,No,12.45,10,6.02,39355000
174,5431,2,1,2,1976,50,Uptown,No,No,18.67,3,9.27,70663000
175,4010,1,2,2,2018,8,Uptown,No,No,11.53,3,2.39,56357000
176,702,5,3,3,1985,41,Downtown,Yes,Yes,15.09,1,0.93,26789000
177,3755,1,4,3,2003,23,Downtown,Yes,Yes,6.8,5,2.64,55228000
178,4718,6,2,1,1966,60,Waterfront,Yes,Yes,35.48,4,0.29,74617000
179,4996,2,1,3,2001,25,Suburb,No,Yes,0.9,2,0.45,63362000
180,1266,4,3,3,2016,10,Suburb,Yes,Yes,35.36,9,9.07,39255000
181,4889,5,2,2,1985,41,Waterfront,Yes,No,23.08,3,3.55,72117000
182,2827,2,1,3,1984,42,Waterfront,Yes,Yes,13.6,8,4.13,41220000
183,3431,6,3,2,1969,57,Uptown,Yes,No,29.06,6,0.28,46522000
184,697,5,1,1,2018,8,Waterfront,Yes,No,20.56,5,2.75,25806000
185,2430,3,3,1,2004,22,Rural,No,Yes,20.21,1,7.99,31701000
186,4082,1,4,3,1978,48,Suburb,Yes,No,4.85,4,6.13,58079000
187,1108,6,2,1,1970,56,Waterfront,No,Yes,15.89,3,7.49,29628000
188,3772,3,1,3,1972,54,Rural,Yes,Yes,10.02,1,4.48,47321000
189,1647,2,3,1,2012,14,Rural,No,Yes,1.12,5,3.14,21416000
190,4782,4,1,2,1967,59,Rural,No,No,14.72,6,4.83,51588000
191,3897,5,1,2,1999,27,Rural,Yes,Yes,4.05,2,3.27,49061000
192,3011,1,2,2,1963,63,Uptown,Yes,Yes,10.64,3,8.32,47099000
193,2294,5,4,2,2006,20,Rural,Yes,No,4.15,6,3.02,36726000
194,1159,2,1,3,1990,36,Uptown,No,Yes,4.49,4,6.57,17612000
195,3311,5,3,1,1987,39,Uptown,Yes,No,8.36,9,1.44,52071000
196,1869,1,3,3,1970,56,Rural,No,No,39.99,5,6.83,26821000
197,2486,2,4,2,2002,24,Suburb,Yes,No,0.59,4,9.05,33340000
198,646,5,3,3,1960,66,Rural,No,Yes,25.73,2,6.06,15147000
199,3719,4,4,1,2008,18,Rural,No,Yes,6.08,6,5.59,50232000
200,3411,6,3,3,2006,20,Rural,No,Yes,36.86,10,9.52,41440000
201,2234,2,2,1,2011,15,Suburb,Yes,Yes,4.2,2,6.25,35800000
202,2343,6,1,3,1997,29,Downtown,Yes,Yes,38.22,7,2.64,43556000
203,988,2,2,1,1983,43,Downtown,No,Yes,24.63,3,2.97,27445000
204,3476,4,1,1,2013,13,Uptown,Yes,No,0.55,9,7.01,57016000
205,2459,6,1,2,2019,7,Uptown,Yes,No,35.81,5,7.31,33343000
206,2885,3,1,1,2016,10,Suburb,Yes,Yes,21.11,8,3.07,37564000
207,3419,1,2,2,2006,20,Waterfront,Yes,Yes,10.88,6,3.48,54341000
208,5236,3,1,2,1990,36,Downtown,Yes,Yes,30.81,10,9.81,72710000
209,2302,5,2,2,2000,26,Uptown,Yes,Yes,37.1,8,1.1,41771000
210,4561,4,4,3,2005,21,Downtown,Yes,No,19.61,3,4.07,84171000
211,3869,3,3,3,2009,17,Suburb,No,No,12.96,3,0.71,56340000
212,762,2,3,3,1985,41,Suburb,No,No,31.66,5,8.15,22626000
213,1123,5,1,3,2008,18,Waterfront,No,No,27.43,10,1.0,33680000
214,1516,5,2,1,2009,17,Waterfront,No,No,35.61,3,6.71,34204000
215,4143,3,3,1,1964,62,Suburb,Yes,No,27.85,8,0.65,53994000
216,5476,3,2,3,1979,47,Uptown,Yes,Yes,10.12,10,6.69,77223000
217,2549,4,2,1,2011,15,Downtown,Yes,No,37.3,8,8.36,37307000
218,4223,1,1,1,2000,26,Rural,Yes,Yes,4.64,2,4.01,50520000
219,5048,3,3,2,1970,56,Waterfront,No,Yes,11.08,4,5.22,67424000
220,3608,3,1,2,2015,11,Rural,Yes,Yes,21.05,10,4.04,48159000
221,4590,6,1,2,2013,13,Uptown,Yes,Yes,22.85,1,3.04,75589000
222,2556,2,3,2,1992,34,Waterfront,Yes,No,1.1,4,7.97,33111000
223,3670,6,3,1,2009,17,Rural,Yes,Yes,31.33,4,2.77,53067000
224,2182,6,4,3,1997,29,Uptown,No,Yes,14.78,10,7.18,31941000
225,2755,5,4,1,1986,40,Downtown,Yes,Yes,16.55,9,2.12,44011000
226,1654,1,2,1,1993,33,Uptown,No,No,32.47,3,2.55,32799000
227,4999,2,3,1,1974,52,Waterfront,Yes,Yes,15.48,2,3.4,68717000
228,3691,4,4,2,1991,35,Suburb,Yes,No,2.37,9,5.87,47930000
229,2196,4,2,2,2020,6,Downtown,No,No,7.47,9,4.55,35614000
230,4491,3,2,2,2017,9,Rural,Yes,No,38.26,1,7.4,58461000
231,5223,3,2,3,1980,46,Waterfront,No,No,3.28,6,2.19,68919000
232,5182,4,4,1,2005,21,Suburb,No,Yes,14.52,10,0.2,70971000
233,2148,3,3,3,1964,62,Uptown,No,Yes,20.38,8,7.71,35946000
234,1945,1,1,2,1965,61,Suburb,No,No,19.98,3,8.15,24471000
235,4699,6,2,3,1997,29,Waterfront,Yes,Yes,0.66,9,0.68,81396000
236,4423,3,4,1,2021,5,Waterfront,No,Yes,20.3,2,6.09,66602000
237,753,5,4,1,1981,45,Suburb,Yes,No,15.66,6,3.81,10190000
238,3683,3,1,2,2021,5,Uptown,No,Yes,38.9,1,7.88,51571000
239,3057,2,1,2,1977,49,Suburb,No,No,6.79,7,8.67,38811000
240,598,1,4,3,1973,53,Waterfront,No,Yes,14.49,3,8.44,23941000
241,2700,2,3,2,1969,57,Waterfront,No,No,17.07,7,7.72,39139000
242,3461,2,1,2,2005,21,Rural,Yes,No,15.93,4,2.74,43644000
243,5473,5,4,1,1972,54,Rural,No,No,26.8,9,8.06,70882000
244,4933,1,1,2,1990,36,Downtown,Yes,Yes,9.01,5,5.33,70156000
245,4277,1,3,2,1989,37,Waterfront,No,No,9.23,3,0.62,54490000
246,3369,1,2,1,1962,64,Rural,No,No,29.3,8,4.58,39688000
247,3734,1,1,1,1989,37,Suburb,Yes,Yes,20.26,6,9.33,46272000
248,4291,1,3,3,1965,61,Uptown,Yes,Yes,16.9,2,8.8,53946000
249,1456,5,4,2,1988,38,Suburb,Yes,No,7.18,3,1.1,37400000
250,4567,3,1,1,1967,59,Uptown,No,No,7.91,8,7.39,63199000
251,660,2,1,3,2003,23,Rural,Yes,Yes,0.92,10,8.0,8763000
252,4993,1,4,3,2004,22,Downtown,Yes,No,4.11,7,2.76,73598000
253,1800,3,2,2,2002,24,Suburb,Yes,Yes,22.5,10,4.72,41511000
254,5411,3,4,2,2003,23,Suburb,No,Yes,35.73,6,7.07,74871000
255,4487,2,1,3,1992,34,Suburb,Yes,No,11.84,1,4.4,50379000
256,2027,5,4,1,1976,50,Uptown,Yes,No,13.45,9,1.21,34687000
257,1718,4,3,3,2007,19,Rural,Yes,No,5.07,3,7.02,33850000
258,4996,4,4,2,1970,56,Suburb,Yes,No,15.85,5,9.03,62099000
259,5235,3,1,1,1972,54,Suburb,Yes,Yes,1.97,7,6.49,69598000
260,3604,6,4,1,2009,17,Downtown,Yes,Yes,36.75,7,7.68,59065000
261,3235,6,2,3,1970,56,Downtown,Yes,Yes,27.09,3,3.61,45414000
262,5055,2,4,2,1990,36,Rural,No,No,39.63,4,1.9,61260000
263,1454,4,2,3,1987,39,Rural,No,No,35.37,10,6.4,7275000
264,5065,3,3,3,2003,23,Waterfront,Yes,Yes,19.18,7,3.31,66699000
265,3946,5,2,3,1965,61,Downtown,No,Yes,21.03,8,8.53,56097000
266,1545,4,4,1,2000,26,Waterfront,Yes,Yes,8.03,2,1.3,27093000
267,2193,3,1,1,1975,51,Uptown,Yes,No,18.75,9,4.35,43798000
268,3936,3,2,2,1963,63,Waterfront,Yes,Yes,36.17,7,3.99,49873000
269,1062,1,3,2,1994,32,Suburb,Yes,Yes,2.51,8,9.29,19438000
270,2985,5,2,3,2019,7,Waterfront,Yes,No,34.61,6,1.6,50020000
271,3854,1,2,3,2007,19,Rural,Yes,No,13.97,6,0.2,56534000
272,725,2,2,3,2015,11,Uptown,Yes,No,36.03,9,2.43,13039000
273,5393,1,3,2,2023,3,Suburb,No,No,37.66,4,8.14,73122000
274,1459,1,4,1,2018,8,Waterfront,Yes,Yes,27.0,5,2.15,30429000
275,5048,4,2,1,1985,41,Uptown,Yes,No,26.74,9,2.46,63373000
276,3567,6,2,3,2021,5,Uptown,Yes,No,18.38,1,1.37,56095000
277,1315,3,1,3,2016,10,Suburb,Yes,No,33.5,4,7.11,24709000
278,5254,5,3,3,1971,55,Waterfront,Yes,Yes,38.48,7,0.78,71076000
279,5142,1,2,3,1970,56,Uptown,Yes,Yes,31.12,9,3.35,67819000
280,3620,5,3,2,1996,30,Uptown,No,Yes,25.07,10,2.87,52444000
281,516,6,2,1,1984,42,Downtown,Yes,Yes,24.47,6,5.54,20867000
282,1743,6,4,3,1977,49,Uptown,Yes,No,34.05,8,7.26,37008000
283,2705,1,4,2,1978,48,Downtown,No,Yes,21.88,9,5.32,50192000
284,3024,2,2,3,1982,44,Waterfront,Yes,Yes,32.25,10,9.22,40995000
285,1569,1,4,3,2014,12,Waterfront,Yes,Yes,20.6,4,9.42,42114000
286,3944,4,2,1,1997,29,Waterfront,No,Yes,2.97,1,3.64,48433000
287,3065,3,4,3,2013,13,Rural,Yes,Yes,15.67,8,7.72,42111000
288,1560,2,1,1,1977,49,Waterfront,Yes,Yes,18.06,2,7.34,32177000
289,2827,1,1,1,1985,41,Uptown,Yes,Yes,6.09,1,8.85,41701000
290,3920,5,1,1,1965,61,Suburb,Yes,No,4.55,7,4.49,50894000
291,801,2,3,2,1963,63,Downtown,Yes,No,21.65,10,5.3,20488000
292,4776,2,3,2,2003,23,Rural,Yes,Yes,3.86,9,4.17,58564000
293,1106,1,1,1,2010,16,Waterfront,Yes,No,12.47,9,8.43,22445000
294,3670,2,3,3,1988,38,Waterfront,Yes,No,29.91,3,2.35,58391000
295,1199,5,4,1,2018,8,Suburb,No,No,38.6,6,2.45,26689000
296,1639,6,2,3,2020,6,Suburb,Yes,Yes,28.86,7,3.75,27763000
297,690,2,2,1,1993,33,Rural,Yes,Yes,39.71,10,2.36,18538000
298,2800,6,2,3,1976,50,Downtown,Yes,Yes,28.08,9,5.6,47773000
299,1480,5,1,2,2002,24,Waterfront,No,Yes,12.1,2,1.42,35850000
300,3475,1,3,3,2002,24,Rural,Yes,Yes,27.05,8,3.24,48429000
301,1684,3,4,1,2012,14,Uptown,No,No,28.24,7,9.05,26496000
302,3827,2,4,2,1975,51,Uptown,Yes,Yes,15.18,4,4.11,51276000
303,3894,3,1,3,1961,65,Rural,Yes,Yes,1.2,2,7.43,52759000
304,627,5,4,3,1993,33,Waterfront,Yes,No,28.28,8,1.21,27461000
305,2565,2,4,3,2014,12,Rural,Yes,Yes,1.36,5,2.53,37139000
306,2316,6,4,3,1967,59,Waterfront,Yes,No,25.43,6,8.01,42776000
307,1069,4,4,3,1972,54,Suburb,Yes,No,6.96,7,7.58,30033000
308,2395,3,3,2,2001,25,Rural,Yes,No,22.84,10,3.88,31736000
309,3233,2,4,2,1967,59,Waterfront,Yes,No,20.4,1,9.45,51069000
310,4363,3,2,2,1989,37,Rural,No,Yes,1.03,8,9.02,54515000
311,5221,2,1,2,1991,35,Rural,No,No,14.83,4,9.53,61196000
312,4514,1,3,1,1995,31,Waterfront,Yes,No,24.24,9,4.29,68887000
313,3401,6,4,2,2006,20,Waterfront,Yes,No,34.02,1,2.04,58163000
314,2186,3,3,3,1989,37,Downtown,Yes,Yes,35.6,2,6.24,40562000
315,3509,4,4,3,1960,66,Rural,No,No,19.61,6,6.81,52789000
316,654,4,2,2,2002,24,Uptown,Yes,Yes,29.27,10,1.33,21167000
317,3037,5,1,3,1998,28,Rural,No,No,13.0,1,7.81,43930000
318,1909,2,4,2,1976,50,Rural,Yes,Yes,14.02,4,0.28,26879000
319,4557,3,4,3,2018,8,Waterfront,Yes,No,8.18,8,4.83,68852000
320,1284,5,4,1,1979,47,Rural,Yes,No,22.7,10,3.34,22947000
321,3675,3,4,1,1983,43,Rural,No,Yes,12.93,5,7.35,48062000
322,4841,2,1,2,2009,17,Uptown,Yes,Yes,3.83,9,3.17,69053000
323,3306,4,1,2,1981,45,Waterfront,Yes,Yes,27.56,6,8.2,46392000
324,1037,1,2,2,1988,38,Rural,No,No,28.46,1,5.93,25682000
325,2341,4,1,3,1981,45,Suburb,Yes,No,14.72,6,7.88,30934000
326,2955,5,4,2,2003,23,Downtown,No,No,3.53,6,9.8,41787000
327,1024,6,2,1,1968,58,Uptown,Yes,No,17.34,6,6.76,30239000
328,3450,1,2,3,1996,30,Rural,No,No,17.97,8,9.75,47495000
329,4631,5,2,2,1969,57,Suburb,Yes,Yes,26.91,6,0.38,65373000
330,5280,2,4,3,1995,31,Rural,Yes,Yes,12.96,5,3.41,69280000
331,4615,1,3,3,1996,30,Rural,No,No,27.46,2,1.16,56139000
332,2868,5,4,2,1987,39,Waterfront,Yes,Yes,34.92,4,2.67,43260000
333,4347,2,1,3,2023,3,Waterfront,Yes,Yes,9.88,10,8.32,63553000
334,4995,4,1,1,1987,39,Waterfront,Yes,Yes,39.17,5,0.42,65642000
335,3201,6,4,1,2001,25,Suburb,Yes,Yes,15.76,10,5.2,54086000
336,1471,2,4,3,2022,4,Rural,Yes,No,11.06,4,5.66,23519000
337,1666,3,2,2,2002,24,Downtown,Yes,Yes,17.15,2,5.6,26985000
338,5429,2,4,3,1980,46,Uptown,Yes,No,4.23,7,4.76,71165000
339,3274,2,2,1,1983,43,Waterfront,Yes,Yes,5.47,10,7.85,52629000
340,2482,6,1,3,2001,25,Waterfront,Yes,Yes,16.87,10,1.41,42568000
341,1353,3,2,3,2019,7,Rural,Yes,Yes,30.62,2,3.14,17939000
342,4646,5,4,1,1999,27,Rural,No,No,36.06,1,6.13,59455000
343,4236,5,1,3,1961,65,Suburb,No,No,26.76,5,6.87,57383000
344,4269,2,3,3,2014,12,Suburb,No,No,4.66,1,4.06,54398000
345,1074,3,2,2,1967,59,Waterfront,Yes,No,27.04,1,8.68,21841000
346,3761,3,1,2,2007,19,Rural,Yes,No,25.6,1,4.17,48352000
347,1648,6,2,1,1986,40,Downtown,Yes,No,32.33,6,4.05,25139000
348,2215,4,1,1,1981,45,Uptown,Yes,No,33.1,9,0.45,29489000
349,5277,5,1,1,1996,30,Rural,Yes,No,34.79,10,5.5,62253000
350,5433,6,2,2,1986,40,Rural,Yes,Yes,16.86,1,7.05,66916000
351,4354,1,3,1,2016,10,Suburb,Yes,No,28.07,5,1.22,58584000
352,2991,5,1,1,1988,38,Uptown,No,No,11.1,9,3.09,53559000
353,3160,6,1,1,1962,64,Waterfront,Yes,No,39.97,9,7.76,53685000
354,3624,5,1,2,2003,23,Rural,Yes,Yes,7.43,1,3.69,47222000
355,3551,4,3,3,1972,54,Waterfront,Yes,No,0.9,8,2.47,55835000
356,504,1,3,1,2004,22,Rural,Yes,No,6.38,1,6.69,6003000
357,5369,4,4,3,1969,57,Waterfront,No,Yes,31.15,8,2.03,74953000
358,1376,1,2,1,1995,31,Uptown,Yes,No,18.15,1,8.88,22827000
359,1491,2,3,3,1968,58,Suburb,Yes,Yes,18.18,5,1.13,28048000
360,4642,6,2,2,2013,13,Uptown,Yes,Yes,38.22,8,7.02,61149000
361,4864,1,4,2,2015,11,Downtown,Yes,Yes,36.83,6,5.0,68666000
362,4965,4,2,1,2014,12,Suburb,Yes,Yes,12.79,9,8.63,73860000
363,1135,5,3,3,1986,40,Uptown,No,No,8.76,1,1.34,25507000
364,2193,1,2,2,1993,33,Downtown,No,Yes,34.02,9,6.74,37441000
365,2182,6,3,1,2010,16,Rural,No,Yes,36.29,1,5.71,35358000
366,5252,1,2,1,1960,66,Rural,Yes,Yes,21.89,10,4.8,61258000
367,619,3,3,2,1991,35,Waterfront,No,Yes,25.36,10,4.92,23253000
368,1330,5,3,2,1984,42,Suburb,Yes,Yes,10.65,3,7.18,26215000
369,4175,6,2,1,1988,38,Rural,Yes,No,32.13,1,9.29,53293000
370,1869,6,4,3,1966,60,Suburb,Yes,Yes,25.47,3,0.99,29296000
371,1240,2,1,3,2008,18,Rural,Yes,No,20.39,2,0.29,19982000
372,616,4,4,3,1962,64,Waterfront,Yes,No,2.87,2,8.0,24653000
373,3338,2,2,1,1979,47,Uptown,No,Yes,36.68,9,1.16,54827000
374,1650,6,4,2,1979,47,Waterfront,Yes,No,24.81,8,9.77,39833000
375,2431,5,3,1,2012,14,Downtown,Yes,Yes,8.11,1,6.17,52188000
376,1512,1,1,2,1989,37,Rural,Yes,Yes,24.45,4,6.48,17425000
377,2164,1,2,3,1994,32,Downtown,No,Yes,27.26,1,2.05,39096000
378,1581,5,2,3,1994,32,Downtown,No,Yes,21.27,1,2.46,32237000
379,5229,6,2,2,2008,18,Suburb,No,No,28.87,4,6.56,79681000
380,1012,1,1,2,1998,28,Rural,Yes,No,23.47,2,9.02,11094000
381,3349,1,3,1,1986,40,Downtown,Yes,Yes,37.94,3,9.73,42760000
382,1059,1,2,3,1985,41,Uptown,Yes,No,2.62,9,2.04,20911000
383,4172,4,4,1,1973,53,Downtown,Yes,Yes,4.7,2,1.41,49638000
384,5083,4,2,1,1976,50,Uptown,Yes,No,7.36,4,0.65,65895000
385,5492,3,2,1,1977,49,Suburb,Yes,Yes,27.76,1,8.61,64647000
386,3843,2,2,3,2004,22,Downtown,Yes,Yes,26.0,2,2.99,55362000
387,4570,5,2,1,2011,15,Waterfront,No,Yes,35.74,5,0.12,67557000
388,5299,5,3,1,1988,38,Suburb,Yes,Yes,29.45,10,2.29,79977000
389,1970,5,4,1,1979,47,Uptown,Yes,No,20.58,1,3.44,39351000
390,1080,3,3,1,2012,14,Suburb,Yes,No,39.68,7,9.81,18479000
391,2794,4,4,1,1986,40,Downtown,No,Yes,11.01,4,5.23,40269000
392,3647,6,2,1,1977,49,Rural,No,No,33.41,6,2.11,50431000
393,4749,6,1,3,1963,63,Rural,No,No,17.36,8,3.38,54209000
394,2179,3,3,1,1960,66,Uptown,No,No,26.13,6,3.34,44125000
395,4006,6,1,2,2009,17,Uptown,Yes,Yes,29.23,2,0.29,63601000
396,3244,5,3,1,1960,66,Rural,Yes,Yes,25.53,1,1.42,40653000
397,3856,2,2,1,2017,9,Uptown,Yes,No,6.05,8,6.91,46109000
398,4545,1,3,3,1985,41,Suburb,Yes,No,18.0,8,1.28,66754000
399,1743,4,2,3,2004,22,Waterfront,Yes,Yes,22.68,9,2.36,35293000
400,3618,4,3,2,1979,47,Waterfront,Yes,Yes,34.04,6,3.54,61167000
401,2641,3,2,2,2011,15,Suburb,No,Yes,18.02,1,7.53,30305000
402,3559,4,2,3,1982,44,Waterfront,No,No,36.79,9,5.81,50852000
403,5048,5,4,3,1969,57,Downtown,No,No,17.89,3,6.85,69640000
404,3459,6,2,1,2018,8,Suburb,No,Yes,22.18,6,5.66,50385000
405,2765,5,4,3,1970,56,Uptown,No,No,31.95,10,6.8,41975000
406,2979,3,2,2,2000,26,Suburb,Yes,No,23.53,10,0.13,47107000
407,5146,5,1,1,2000,26,Rural,Yes,No,38.43,9,9.22,58457000
408,2135,6,2,2,1964,62,Uptown,No,No,26.58,3,1.19,35467000
409,2257,2,1,1,2017,9,Rural,No,No,21.15,5,4.08,31026000
410,4952,3,1,3,1960,66,Uptown,Yes,Yes,1.43,5,7.66,68719000
411,2570,2,2,2,1976,50,Waterfront,No,No,16.84,10,4.37,45817000
412,3349,1,1,1,1981,45,Suburb,Yes,Yes,12.32,7,9.38,39105000
413,3751,2,4,1,1993,33,Downtown,Yes,Yes,30.05,4,4.68,46014000
414,4230,1,3,3,2015,11,Uptown,No,Yes,8.73,4,8.67,64380000
415,2989,1,2,3,2004,22,Uptown,Yes,Yes,8.61,7,8.05,46267000
416,2131,2,1,3,2000,26,Rural,Yes,Yes,7.99,9,9.71,26806000
417,3316,3,2,2,1988,38,Waterfront,Yes,Yes,5.46,4,9.18,58679000
418,1515,6,4,1,1963,63,Rural,No,No,12.78,4,8.9,25476000
419,1848,5,2,3,1964,62,Rural,Yes,Yes,35.49,6,7.27,33694000
420,5111,5,2,2,2023,3,Waterfront,No,No,31.11,6,3.7,72458000
421,3587,6,1,2,1970,56,Downtown,Yes,Yes,29.54,7,1.14,64343000
422,3339,1,4,2,2015,11,Rural,Yes,No,31.99,1,6.85,50929000
423,835,1,3,3,2010,16,Rural,No,No,11.14,3,9.69,13664000
424,5092,3,3,3,1980,46,Uptown,Yes,Yes,35.55,9,7.22,73284000
425,1395,4,1,1,1994,32,Waterfront,No,No,5.92,6,9.2,32841000
426,4046,2,2,1,1971,55,Suburb,Yes,No,13.79,6,7.98,59820000
427,1351,1,1,3,1985,41,Downtown,No,No,23.68,5,1.7,20967000
428,2187,5,1,2,2010,16,Downtown,Yes,No,4.56,3,2.54,42139000
429,2431,3,1,2,1978,48,Waterfront,Yes,No,29.34,5,3.45,45359000
430,4246,2,2,2,2004,22,Uptown,Yes,No,15.8,1,1.75,49051000
431,2927,3,4,1,2019,7,Uptown,Yes,Yes,31.48,3,5.8,38628000
432,2068,2,1,2,1966,60,Waterfront,Yes,Yes,19.97,4,9.66,24737000
433,4500,2,2,1,2006,20,Uptown,Yes,No,7.64,5,7.56,59501000
434,3238,6,4,1,2014,12,Downtown,Yes,Yes,29.52,10,4.25,56036000
435,3998,1,1,2,1966,60,Downtown,Yes,Yes,10.46,9,0.14,63707000
436,4413,3,3,2,1985,41,Suburb,Yes,Yes,19.89,4,3.17,59269000
437,1566,3,4,3,1999,27,Waterfront,No,Yes,3.48,3,5.26,41200000
438,4880,6,1,3,1964,62,Rural,Yes,No,24.91,10,3.28,55791000
439,2944,5,4,2,1980,46,Rural,Yes,Yes,26.8,1,1.19,32344000
440,4607,5,4,1,1973,53,Suburb,Yes,Yes,15.46,10,4.44,63171000
441,3873,1,4,1,1963,63,Suburb,No,No,38.2,6,2.58,52231000
442,4469,1,4,1,1982,44,Uptown,Yes,No,35.03,7,9.01,59135000
443,3046,4,4,1,2001,25,Suburb,No,Yes,28.46,10,1.1,35320000
444,1253,6,4,1,1979,47,Suburb,No,Yes,28.69,8,0.58,26088000
445,2582,5,1,3,1974,52,Rural,No,No,10.47,1,0.15,29332000
446,3274,2,3,2,2009,17,Uptown,Yes,No,26.44,4,3.32,51019000
447,3396,3,2,3,2011,15,Suburb,Yes,Yes,8.33,5,6.57,50269000
448,4685,1,4,1,2004,22,Suburb,No,Yes,6.19,2,7.26,55788000
449,1275,3,2,1,1988,38,Uptown,Yes,Yes,39.98,1,4.54,21646000
450,2125,3,1,1,1967,59,Waterfront,Yes,Yes,25.08,8,6.81,31487000
451,3569,4,4,1,2000,26,Uptown,Yes,Yes,17.52,6,3.63,52890000
452,917,5,3,2,2007,19,Rural,No,No,11.88,5,6.64,23656000
453,614,1,2,1,1978,48,Waterfront,Yes,Yes,24.35,9,0.5,15365000
454,1116,3,4,2,2007,19,Downtown,No,No,2.46,2,3.93,28747000
455,4474,1,1,1,1998,28,Uptown,Yes,Yes,4.24,10,7.85,57842000
456,3767,2,3,2,2005,21,Rural,Yes,No,1.8,8,7.97,45282000
457,1325,4,2,3,1987,39,Waterfront,Yes,No,20.22,10,7.12,29911000
458,2016,2,2,1,2005,21,Uptown,Yes,Yes,24.22,9,2.1,29179000
459,3646,1,4,2,2016,10,Suburb,No,No,2.97,1,2.52,47027000
460,912,1,3,3,1986,40,Uptown,No,Yes,28.99,7,9.86,14477000
461,1228,5,3,1,1963,63,Downtown,No,No,9.6,8,1.11,38041000
462,3848,3,3,1,2017,9,Uptown,Yes,No,27.57,3,1.87,54657000
463,3308,3,3,1,1974,52,Waterfront,No,Yes,39.28,4,1.37,46257000
464,1175,2,1,2,1994,32,Waterfront,Yes,Yes,27.8,3,3.31,26938000
465,3965,4,3,2,1996,30,Uptown,Yes,Yes,35.39,7,2.16,56372000
466,3004,6,2,3,1960,66,Waterfront,Yes,No,37.95,9,4.98,47941000
467,3467,3,2,2,1962,64,Suburb,Yes,Yes,19.73,3,4.77,50274000
468,3286,5,1,2,2006,20,Uptown,No,Yes,28.24,6,8.93,52351000
469,1622,2,2,1,1983,43,Suburb,No,Yes,34.15,8,0.44,24123000
470,4579,2,2,1,1986,40,Suburb,Yes,Yes,14.59,6,3.23,56983000
471,2071,6,3,1,1999,27,Rural,No,No,10.83,2,5.95,29994000
472,2643,5,2,1,2022,4,Uptown,Yes,Yes,37.89,7,6.03,30917000
473,2187,4,1,1,2020,6,Waterfront,Yes,No,29.19,2,4.81,30460000
474,4632,5,3,1,1995,31,Suburb,Yes,Yes,9.18,2,8.09,69038000
475,4351,4,4,1,1993,33,Rural,Yes,Yes,18.24,2,0.71,64419000
476,3940,5,3,3,1988,38,Uptown,Yes,No,31.96,1,8.09,54451000
477,4266,5,1,3,1983,43,Uptown,Yes,No,22.11,1,4.95,61863000
478,2826,1,3,3,1983,43,Downtown,No,No,26.17,7,1.41,44718000
479,3414,2,3,3,2001,25,Downtown,No,Yes,30.27,5,8.78,65110000
480,5468,5,1,1,1963,63,Suburb,Yes,Yes,25.07,3,6.46,75101000
481,4452,6,3,3,1962,64,Downtown,No,No,21.83,1,1.7,62511000
482,1095,5,1,1,1993,33,Suburb,Yes,Yes,30.11,10,0.43,18944000
483,1228,3,1,3,2016,10,Waterfront,Yes,Yes,29.24,6,1.48,20568000
484,1865,2,4,2,2008,18,Suburb,No,No,25.38,1,6.07,30494000
485,4992,3,2,3,1982,44,Downtown,Yes,No,14.71,9,1.86,65258000
486,1198,2,2,3,2012,14,Waterfront,Yes,No,16.53,2,2.31,20277000
487,895,3,3,1,2015,11,Downtown,Yes,No,38.83,1,0.35,19062000
488,4671,5,3,3,2011,15,Suburb,Yes,No,4.94,7,7.18,59088000
489,4860,5,4,2,1982,44,Rural,No,Yes,11.11,6,8.04,70909000
490,3002,1,4,1,2004,22,Uptown,Yes,Yes,19.95,6,7.91,48837000
491,2319,6,4,1,1964,62,Downtown,Yes,No,33.55,5,1.35,40178000
492,1217,3,1,3,1990,36,Suburb,Yes,No,6.97,4,8.95,30341000
493,3282,4,4,1,2021,5,Waterfront,No,Yes,11.44,4,6.69,52622000
494,5446,1,4,1,2012,14,Downtown,Yes,Yes,3.1,3,8.9,68218000
495,4077,3,3,1,2021,5,Downtown,No,Yes,28.39,10,4.48,66569000
496,643,3,4,1,2000,26,Uptown,Yes,No,9.91,8,4.38,23351000
497,5480,1,1,1,2016,10,Suburb,Yes,Yes,15.85,7,7.79,63771000
498,3640,5,1,1,2020,6,Rural,Yes,Yes,18.03,9,1.01,48604000
499,4991,3,3,2,2016,10,Waterfront,Yes,No,35.71,1,5.2,64435000
500,3438,5,4,3,2019,7,Suburb,Yes,No,16.75,7,8.3,44060000
501,4136,1,4,2,2013,13,Waterfront,Yes,Yes,6.24,10,8.24,65767000
502,3722,5,1,1,1965,61,Downtown,No,No,21.21,4,9.47,62322000
503,1667,2,4,1,1996,30,Uptown,Yes,No,38.54,7,6.94,22559000
504,3116,4,4,3,2016,10,Uptown,No,Yes,24.5,1,2.14,50607000
505,1562,3,4,2,1969,57,Rural,Yes,Yes,39.34,5,0.3,21071000
506,2656,6,2,3,1999,27,Uptown,Yes,Yes,33.72,3,4.8,40498000
507,3482,4,3,2,1966,60,Downtown,Yes,Yes,1.92,5,5.13,49680000
508,3794,5,2,1,1998,28,Rural,No,No,26.51,4,2.45,44913000
509,5229,3,3,3,1997,29,Suburb,Yes,Yes,11.83,2,1.32,68828000
510,1656,5,1,3,1980,46,Uptown,Yes,No,22.6,4,5.84,26481000
511,1232,2,4,1,2020,6,Rural,Yes,Yes,11.53,3,7.59,22192000
512,4830,1,3,3,1979,47,Downtown,Yes,Yes,14.28,1,9.83,64021000
513,5346,3,2,2,1962,64,Waterfront,Yes,No,36.97,10,7.53,71221000
514,1453,2,4,2,2023,3,Waterfront,Yes,Yes,8.66,8,7.88,27585000
515,3039,2,1,2,2010,16,Downtown,Yes,Yes,35.03,5,6.14,42128000
516,3824,3,3,2,1981,45,Downtown,Yes,Yes,1.7,4,9.76,59177000
517,3801,5,3,1,2006,20,Waterfront,No,Yes,4.09,10,6.37,61775000
518,2042,6,3,3,1963,63,Rural,Yes,No,34.26,5,8.53,25665000
519,1691,2,4,2,1987,39,Waterfront,Yes,Yes,25.41,4,9.37,32906000
520,3493,4,2,1,1971,55,Downtown,Yes,No,30.02,3,9.21,53738000
521,3181,2,2,3,1997,29,Uptown,Yes,No,8.77,5,3.84,38721000
522,1717,6,3,3,2010,16,Suburb,Yes,Yes,21.71,4,0.87,35066000
523,2040,5,1,1,2022,4,Uptown,Yes,Yes,29.62,1,1.78,31706000
524,3736,5,1,1,1995,31,Uptown,Yes,Yes,25.28,3,0.68,56578000
525,2886,4,2,2,2006,20,Downtown,Yes,No,19.13,10,1.13,43062000
526,4219,2,1,3,2000,26,Waterfront,Yes,Yes,38.41,10,1.91,51735000
527,1888,5,2,3,1964,62,Rural,Yes,No,27.21,8,3.44,20924000
528,2356,6,3,1,1972,54,Uptown,No,Yes,36.36,7,5.43,39331000
529,1865,3,2,3,1982,44,Waterfront,Yes,No,29.33,2,7.07,35075000
530,999,1,2,2,2017,9,Rural,Yes,Yes,29.55,1,2.17,11850000
531,2180,1,3,3,2009,17,Uptown,Yes,No,3.66,3,6.69,38824000
532,1010,1,1,1,1989,37,Rural,Yes,Yes,14.7,5,7.0,7650000
533,4812,2,2,1,2021,5,Waterfront,Yes,Yes,34.41,10,5.57,67058000
534,1824,4,2,2,1996,30,Suburb,Yes,Yes,9.69,1,8.96,24145000
535,1655,5,3,2,1984,42,Waterfront,No,Yes,5.06,3,1.19,31440000
536,2327,3,1,3,2007,19,Downtown,Yes,No,13.38,3,1.84,39037000
537,3641,6,2,3,1986,40,Rural,Yes,Yes,9.21,5,4.3,45571000
538,3986,3,3,1,2010,16,Suburb,Yes,Yes,37.05,3,1.34,51845000
539,2310,6,2,2,1973,53,Rural,Yes,No,34.78,9,5.65,38989000
540,3423,2,4,2,2016,10,Rural,Yes,Yes,20.24,1,4.0,41919000
541,2714,1,3,2,2021,5,Uptown,No,No,2.92,4,2.89,45887000
542,4686,2,1,3,2007,19,Downtown,Yes,No,28.73,10,1.77,59053000
543,1213,4,1,2,2018,8,Rural,No,Yes,25.12,10,3.39,24372000
544,4102,4,1,1,2006,20,Waterfront,No,No,38.84,4,6.06,65500000
545,4634,6,1,1,2013,13,Waterfront,No,Yes,22.58,1,5.74,53733000
546,4022,5,2,3,1995,31,Uptown,Yes,Yes,13.79,2,1.7,54114000
547,4768,5,2,3,1998,28,Downtown,Yes,No,21.0,1,1.32,69575000
548,5248,6,1,2,1975,51,Downtown,Yes,No,39.18,6,0.36,70668000
549,5349,4,1,3,2015,11,Waterfront,Yes,Yes,28.01,3,0.22,76100000
550,1743,4,1,1,1981,45,Suburb,Yes,No,27.04,7,8.72,25369000
551,4209,4,2,2,1980,46,Uptown,No,Yes,10.01,5,0.54,59716000
552,1581,2,1,1,2013,13,Uptown,Yes,Yes,29.87,9,7.27,27775000
553,955,4,1,2,1980,46,Waterfront,Yes,No,30.14,7,8.65,30221000
554,5424,3,4,3,1967,59,Waterfront,Yes,Yes,13.03,4,1.06,76631000
555,1394,1,4,2,2008,18,Suburb,Yes,Yes,19.61,5,4.38,27004000
556,1884,4,1,2,1975,51,Suburb,Yes,No,12.14,5,9.53,28204000
557,2458,6,3,1,2018,8,Downtown,No,No,10.72,5,8.27,39918000
558,3572,1,1,1,2014,12,Uptown,No,Yes,1.52,10,4.9,48814000
559,2496,2,4,2,1990,36,Uptown,No,No,11.77,9,7.57,41828000
560,4785,6,3,3,2001,25,Waterfront,No,No,22.38,10,8.27,68008000
561,1004,1,3,3,1969,57,Downtown,No,No,0.56,3,3.51,24355000
562,1714,6,1,1,1991,35,Uptown,Yes,No,11.69,6,8.84,42489000
563,2031,2,4,3,2018,8,Downtown,No,Yes,35.32,8,4.71,40427000
564,3940,3,4,1,1993,33,Downtown,Yes,Yes,23.95,9,5.27,55919000
565,1323,2,3,3,2022,4,Waterfront,Yes,Yes,24.51,7,9.9,35511000
566,1428,2,1,2,2021,5,Downtown,Yes,No,16.43,3,8.36,25404000
567,633,6,2,1,1968,58,Suburb,Yes,No,27.22,1,3.65,6973000
568,2605,5,2,1,1976,50,Suburb,Yes,No,8.0,4,0.2,34945000
569,4127,4,4,2,1970,56,Rural,Yes,No,32.84,6,6.24,43503000
570,5280,4,2,1,1991,35,Waterfront,Yes,Yes,5.11,3,7.0,71288000
571,2352,3,4,3,1969,57,Rural,No,Yes,26.41,1,6.48,32236000
572,5410,3,4,3,1981,45,Suburb,Yes,Yes,13.98,6,9.59,78864000
573,4675,4,4,1,2016,10,Rural,Yes,Yes,30.03,1,8.56,60462000
574,3433,5,2,3,1976,50,Waterfront,Yes,Yes,22.22,9,4.5,53249000
575,3784,4,4,1,1963,63,Waterfront,Yes,Yes,18.37,1,0.72,60758000
576,4798,5,3,2,2007,19,Downtown,No,No,7.19,6,4.77,57070000
577,3311,3,1,1,2011,15,Uptown,Yes,No,25.65,1,6.85,47938000
578,1750,1,1,2,2006,20,Downtown,Yes,No,39.0,7,6.06,33858000
579,4012,6,4,3,1984,42,Waterfront,No,No,33.11,3,5.37,52894000
580,1756,3,1,2,2018,8,Suburb,No,Yes,2.87,6,4.69,35755000
581,3876,3,2,3,1980,46,Suburb,Yes,No,15.36,7,2.98,54914000
582,3986,2,2,1,1996,30,Downtown,No,No,37.06,1,2.82,52125000
583,4084,2,1,3,1997,29,Waterfront,Yes,No,20.37,1,5.0,60915000
584,1896,2,2,1,2008,18,Suburb,Yes,Yes,26.65,5,1.67,41680000
585,4137,6,1,1,1960,66,Waterfront,Yes,Yes,36.55,6,3.44,61288000
586,3830,2,1,2,2022,4,Suburb,No,Yes,35.01,9,3.27,52876000
587,3203,5,1,2,1984,42,Waterfront,Yes,No,20.32,1,5.85,47194000
588,970,4,4,2,2010,16,Rural,Yes,No,17.79,4,0.75,15552000
589,1853,1,1,2,1995,31,Waterfront,Yes,No,13.92,10,8.23,37873000
590,3283,3,4,3,1976,50,Waterfront,Yes,Yes,28.9,8,5.61,47356000
591,3331,5,1,3,2000,26,Downtown,Yes,No,11.84,10,6.67,52286000
592,857,1,1,3,2022,4,Rural,No,No,10.37,9,6.99,13507000
593,3519,5,1,1,1983,43,Uptown,Yes,Yes,14.57,3,2.96,53669000
594,1167,5,2,3,1961,65,Downtown,Yes,Yes,7.5,2,4.71,28564000
595,4968,3,4,3,1999,27,Uptown,No,No,27.96,4,9.47,71696000
596,1645,4,4,3,1974,52,Suburb,Yes,Yes,24.84,2,7.61,26106000
597,4685,2,1,2,1991,35,Uptown,Yes,No,19.57,1,9.6,59653000
598,4219,6,1,3,1998,28,Waterfront,Yes,No,15.92,3,7.41,57461000
599,3245,4,2,1,2018,8,Uptown,Yes,No,36.41,7,1.82,46269000
600,1039,6,2,2,1965,61,Downtown,Yes,No,1.65,1,0.73,28065000
601,3279,3,2,1,1960,66,Downtown,Yes,No,30.88,2,5.76,50601000
602,5464,3,4,3,2006,20,Uptown,Yes,No,36.13,1,3.61,67577000
603,4636,3,4,2,1982,44,Downtown,Yes,Yes,18.13,8,2.8,69911000
604,5335,1,4,1,2017,9,Downtown,No,Yes,22.25,5,8.01,77524000
605,4275,6,1,3,1998,28,Uptown,No,Yes,37.81,8,3.7,62834000
606,3008,4,4,1,2020,6,Rural,No,No,8.88,3,3.21,51104000
607,3279,4,3,1,2021,5,Rural,No,Yes,21.05,7,8.43,40365000
608,1424,5,3,1,2016,10,Suburb,Yes,Yes,19.25,8,8.39,21802000
609,3456,5,2,3,1976,50,Downtown,No,Yes,10.71,6,3.59,43865000
610,2081,5,4,3,1993,33,Uptown,Yes,No,32.83,7,8.26,44316000
611,3824,3,3,1,2018,8,Downtown,No,No,36.03,2,8.44,56985000
612,4985,4,2,2,2000,26,Waterfront,Yes,No,31.39,8,4.25,69894000
613,755,6,4,2,1988,38,Downtown,Yes,Yes,8.22,5,0.75,26565000
614,5304,3,1,3,1968,58,Downtown,No,No,3.93,7,0.12,65981000
615,2338,1,3,3,1972,54,Rural,No,No,24.42,1,5.23,42389000
616,2444,5,1,3,1965,61,Uptown,Yes,No,2.76,5,3.47,40831000
617,509,3,4,3,1965,61,Downtown,No,No,27.08,1,9.87,17714000
618,3371,3,3,3,1979,47,Rural,Yes,Yes,21.45,8,7.67,48441000
619,1297,1,4,2,2011,15,Suburb,Yes,No,26.68,4,7.56,25689000
620,5472,2,1,3,2012,14,Rural,Yes,Yes,23.81,4,9.46,67175000
621,1515,4,3,1,1962,64,Rural,Yes,Yes,17.2,2,8.8,19147000
622,2324,6,1,1,1976,50,Rural,No,No,8.43,5,3.22,36012000
623,4969,2,4,2,2022,4,Downtown,No,Yes,12.58,1,1.73,77535000
624,3636,5,4,1,2008,18,Downtown,No,Yes,21.22,9,7.41,62207000
625,2693,3,1,2,1971,55,Suburb,Yes,No,26.25,5,3.81,46348000
626,723,1,3,2,2007,19,Waterfront,No,Yes,31.29,6,4.74,18733000
627,5448,1,1,1,2006,20,Waterfront,Yes,No,30.8,2,6.28,66340000
628,4658,4,4,3,2004,22,Waterfront,No,No,38.92,10,9.0,66468000
629,4425,2,1,1,2014,12,Suburb,Yes,No,11.79,10,4.21,59097000
630,5284,4,4,1,2023,3,Waterfront,Yes,No,3.31,1,7.78,79549000
631,4500,3,1,2,1960,66,Waterfront,No,No,14.15,4,2.73,54117000
632,2133,4,3,1,1976,50,Rural,Yes,No,29.86,7,6.94,38182000
633,2652,6,3,2,1962,64,Downtown,Yes,No,17.81,6,0.12,43830000
634,1010,1,1,3,1985,41,Downtown,Yes,No,32.8,10,8.64,20098000
635,884,1,1,3,1974,52,Rural,Yes,No,22.2,1,0.4,9171000
636,904,5,3,3,1995,31,Rural,Yes,No,37.23,1,7.08,9071000
637,5113,5,4,1,1991,35,Rural,Yes,Yes,37.94,8,0.55,69656000
638,5071,3,3,2,1991,35,Downtown,Yes,Yes,3.24,4,2.71,70347000
639,2500,6,4,3,2023,3,Waterfront,Yes,No,18.53,5,4.97,39396000
640,3256,2,1,2,1963,63,Rural,No,Yes,24.58,7,4.22,34509000
641,2168,4,1,2,1977,49,Suburb,Yes,Yes,10.61,8,1.98,33359000
642,1960,3,4,3,2008,18,Rural,No,No,16.58,10,3.37,39109000
643,4136,5,1,3,1978,48,Uptown,No,Yes,27.27,7,7.23,56688000
644,3224,4,4,2,2002,24,Rural,Yes,Yes,9.46,2,6.66,36536000
645,5309,5,2,3,2011,15,Downtown,No,No,24.28,4,0.8,71809000
646,4678,4,3,2,1994,32,Rural,No,No,28.05,10,7.42,58076000
647,2548,2,2,2,1999,27,Uptown,No,Yes,4.07,1,0.62,26055000
648,4646,3,4,3,1973,53,Suburb,Yes,No,20.15,10,5.42,62271000
649,5280,4,3,1,2017,9,Waterfront,Yes,No,10.89,9,2.65,73947000
650,1216,6,4,3,1992,34,Rural,Yes,Yes,29.11,3,5.86,26399000
651,5044,1,3,1,1973,53,Uptown,Yes,Yes,7.99,3,2.66,75467000
652,5476,6,3,2,1993,33,Uptown,Yes,No,35.74,10,9.75,80038000
653,5083,6,3,2,2020,6,Suburb,Yes,No,17.52,9,3.14,68542000
654,2323,1,3,1,2014,12,Downtown,No,No,8.32,10,2.47,33327000
655,2581,6,4,2,1963,63,Rural,No,No,17.8,3,2.83,50017000
656,3919,4,3,1,1983,43,Uptown,Yes,No,16.65,8,8.89,56144000
657,2074,4,3,1,2018,8,Suburb,Yes,Yes,17.44,2,6.33,33787000
658,749,4,2,2,1988,38,Waterfront,Yes,No,23.63,3,7.26,22301000
659,1173,1,1,1,1978,48,Uptown,No,Yes,21.09,2,9.1,22144000
660,5033,6,1,3,1965,61,Suburb,No,No,6.42,1,9.04,64868000
661,2665,1,2,3,2016,10,Downtown,Yes,No,3.09,2,7.34,38579000
662,1270,4,2,2,1992,34,Downtown,Yes,Yes,29.31,8,2.04,25451000
663,4462,6,4,2,2008,18,Uptown,Yes,No,22.61,9,8.37,64351000
664,4863,6,4,1,1999,27,Uptown,Yes,Yes,14.68,2,2.1,65645000
665,2484,5,4,1,1978,48,Rural,Yes,Yes,32.43,7,7.38,32129000
666,1577,5,2,1,2012,14,Suburb,No,No,15.83,5,6.82,28856000
667,735,2,2,1,1960,66,Uptown,No,Yes,31.94,3,7.54,15717000
668,888,3,3,3,1964,62,Rural,No,No,12.58,9,5.32,24859000
669,3537,5,4,3,1986,40,Rural,No,Yes,3.38,6,6.36,35531000
670,5358,1,4,2,1975,51,Uptown,Yes,No,37.34,1,9.44,73466000
671,2348,5,4,1,1965,61,Downtown,Yes,No,16.08,5,1.09,46814000
672,5219,2,1,1,1999,27,Suburb,No,No,31.81,7,3.13,55273000
673,3314,6,3,2,1972,54,Suburb,No,Yes,11.53,4,6.09,46602000
674,3874,2,4,1,2007,19,Downtown,Yes,No,26.03,8,9.55,53633000
675,3778,6,4,1,2023,3,Uptown,Yes,Yes,35.0,10,1.04,50650000
676,1752,6,4,1,2021,5,Suburb,Yes,Yes,2.14,5,0.32,29955000
677,4481,3,1,1,1994,32,Uptown,Yes,Yes,33.31,9,0.65,55707000
678,5173,5,1,1,1978,48,Uptown,Yes,Yes,23.07,9,0.61,79095000
679,2622,1,2,2,1971,55,Rural,Yes,No,24.5,9,9.0,38600000
680,5030,1,3,1,1975,51,Downtown,Yes,Yes,21.16,1,7.17,72132000
681,2650,4,2,2,2018,8,Uptown,Yes,No,35.04,2,6.74,44517000
682,5359,6,3,1,2002,24,Waterfront,No,No,2.22,3,5.22,70055000
683,1829,1,1,3,1969,57,Downtown,Yes,Yes,10.81,4,7.76,28404000
684,1858,3,4,3,1984,42,Suburb,No,No,35.09,10,1.63,33994000
685,2982,6,2,3,1979,47,Rural,Yes,Yes,30.22,9,3.94,36275000
686,5042,3,4,3,1990,36,Suburb,No,Yes,1.2,10,4.9,71547000
687,2517,1,2,2,1963,63,Suburb,Yes,Yes,20.92,6,1.18,35025000
688,1831,1,1,2,2003,23,Downtown,No,No,21.42,1,4.21,28413000
689,4844,4,1,1,1982,44,Suburb,Yes,No,16.33,9,3.2,67418000
690,4761,1,1,3,1961,65,Uptown,No,Yes,12.25,6,0.45,65007000
691,1858,6,2,2,2015,11,Suburb,No,Yes,27.43,4,1.44,30820000
692,5137,6,3,1,1981,45,Rural,Yes,No,8.71,4,7.59,71126000
693,5354,6,2,1,2010,16,Rural,Yes,Yes,32.06,3,0.28,62366000
694,3677,4,3,2,2016,10,Waterfront,Yes,No,32.22,7,9.26,58952000
695,2628,4,2,3,1996,30,Rural,Yes,No,16.9,3,0.95,39933000
696,2680,1,2,1,1967,59,Suburb,Yes,Yes,11.7,2,7.93,35233000
697,5392,2,1,3,1966,60,Rural,Yes,No,11.71,10,8.91,67163000
698,637,2,4,3,1973,53,Downtown,Yes,Yes,19.55,8,9.32,14011000
699,3972,4,4,3,2015,11,Rural,Yes,No,28.92,4,8.6,56623000
700,3332,1,3,1,2014,12,Uptown,Yes,No,14.68,8,2.92,47724000
701,4079,2,4,3,1962,64,Downtown,Yes,Yes,24.6,1,3.36,54407000
702,3531,1,2,1,2009,17,Waterfront,Yes,Yes,15.61,5,4.28,57560000
703,4664,1,2,3,1975,51,Uptown,Yes,No,12.53,9,1.47,59482000
704,3093,1,1,1,2014,12,Suburb,Yes,No,1.48,1,0.32,35605000
705,4800,5,1,3,1978,48,Suburb,Yes,Yes,0.65,4,8.62,56243000
706,4318,6,4,2,2010,16,Suburb,No,No,9.47,6,5.53,63924000
707,4638,1,3,3,1977,49,Uptown,Yes,Yes,16.55,10,6.07,56619000
708,4323,5,4,3,2011,15,Uptown,Yes,Yes,34.12,8,9.18,70954000
709,4542,4,4,1,1975,51,Uptown,Yes,No,32.04,3,6.62,51277000
710,2406,2,4,1,1967,59,Downtown,No,Yes,11.05,5,6.87,47171000
711,1260,6,4,3,2019,7,Downtown,No,No,10.16,7,7.81,31734000
712,3945,2,2,2,1992,34,Suburb,No,Yes,9.48,1,1.24,51990000
713,1399,6,3,2,2008,18,Rural,No,No,13.9,7,3.63,22759000
714,4955,2,2,1,1971,55,Suburb,Yes,Yes,20.18,8,9.59,65164000
715,3447,6,3,2,2021,5,Waterfront,Yes,No,17.83,8,9.14,55432000
716,2219,2,1,3,2012,14,Downtown,Yes,No,9.12,9,8.76,43097000
717,780,2,4,1,1970,56,Uptown,No,Yes,5.65,6,4.53,21070000
718,3766,2,2,3,1964,62,Downtown,No,No,1.0,6,8.5,54204000
719,2387,2,3,1,1986,40,Uptown,No,Yes,6.58,2,0.57,35899000
720,3766,4,1,1,1971,55,Waterfront,Yes,Yes,28.36,3,1.56,54831000
721,1166,1,1,1,1976,50,Waterfront,No,No,10.12,4,4.16,26114000
722,4688,3,4,1,1965,61,Downtown,Yes,Yes,19.01,4,4.84,55951000
723,1171,5,3,2,1992,34,Uptown,Yes,No,23.86,8,2.68,20410000
724,2469,3,2,3,1964,62,Waterfront,Yes,No,35.53,1,3.59,43661000
725,4656,3,4,3,2016,10,Suburb,Yes,No,35.61,10,1.7,64206000
726,3622,6,2,3,1987,39,Suburb,Yes,Yes,29.96,4,4.89,50697000
727,5199,1,1,1,1973,53,Uptown,No,Yes,1.89,4,7.88,66672000
728,5277,6,2,2,1964,62,Downtown,Yes,Yes,23.22,1,6.58,73314000
729,4400,1,2,3,2013,13,Waterfront,Yes,No,31.57,3,1.16,58926000
730,1023,1,4,2,2015,11,Downtown,Yes,No,1.18,5,4.88,20934000
731,2893,2,2,1,2018,8,Suburb,Yes,No,22.21,6,6.94,42074000
732,3617,4,4,3,1992,34,Waterfront,No,Yes,34.38,9,5.29,51113000
733,3093,2,1,2,2021,5,Downtown,No,Yes,19.23,9,3.94,49111000
734,2468,4,4,1,2009,17,Rural,No,Yes,0.66,9,6.19,28386000
735,2253,6,4,2,2007,19,Uptown,No,Yes,0.94,1,9.59,44544000
736,2796,4,3,3,2000,26,Uptown,No,Yes,16.96,9,1.03,47686000
737,2761,6,2,3,1978,48,Rural,Yes,Yes,6.62,8,3.92,41978000
738,2786,3,1,1,1981,45,Suburb,No,Yes,26.75,2,4.08,43551000
739,4702,3,4,1,1964,62,Waterfront,Yes,Yes,28.5,1,5.75,73450000
740,3378,4,1,1,2018,8,Uptown,Yes,Yes,7.53,1,1.59,54924000
741,4643,4,3,2,1961,65,Rural,Yes,Yes,35.6,6,1.83,49262000
742,4144,6,2,2,1989,37,Rural,No,Yes,17.96,9,2.9,48934000
743,4932,2,4,2,2006,20,Suburb,No,Yes,6.14,7,9.47,61805000
744,2555,6,2,1,1998,28,Suburb,Yes,No,30.69,5,7.29,39313000
745,5220,2,3,3,1963,63,Downtown,No,Yes,31.7,2,6.58,70956000
746,1776,3,3,3,1992,34,Uptown,No,Yes,25.75,1,8.11,27098000
747,3266,1,1,2,1972,54,Downtown,Yes,Yes,34.21,2,1.35,46878000
748,802,4,4,2,1979,47,Rural,Yes,Yes,29.63,1,8.52,11954000
749,1138,2,1,3,2013,13,Waterfront,No,Yes,35.35,3,5.93,22207000
750,555,6,3,3,1966,60,Waterfront,Yes,Yes,17.64,6,3.39,16337000
751,5321,3,2,2,1974,52,Suburb,Yes,No,30.03,8,8.1,63150000
752,1025,2,1,2,1982,44,Waterfront,Yes,Yes,39.99,3,7.97,16242000
753,5069,6,1,3,1973,53,Waterfront,Yes,Yes,29.13,10,8.39,67159000
754,4623,4,2,1,1982,44,Waterfront,No,No,5.01,9,1.23,71950000
755,2625,4,1,2,1978,48,Rural,No,Yes,20.97,10,9.6,31173000
756,3787,5,2,3,2023,3,Waterfront,No,Yes,23.7,5,9.5,70805000
757,864,1,4,3,2013,13,Waterfront,No,No,7.38,7,3.6,27189000
758,5121,5,2,3,1988,38,Waterfront,No,No,38.53,8,0.75,73043000
759,5478,3,4,3,2015,11,Downtown,No,Yes,7.44,3,1.74,70843000
760,2146,2,2,1,1979,47,Rural,Yes,Yes,7.51,2,9.83,32350000
761,1418,3,3,3,1988,38,Suburb,Yes,Yes,36.65,2,5.62,22166000
762,3297,6,3,2,1983,43,Downtown,Yes,Yes,18.88,5,3.59,52467000
763,2031,4,4,1,1977,49,Uptown,No,No,3.0,1,2.92,47731000
764,3845,5,4,3,2022,4,Rural,Yes,Yes,24.13,2,2.62,51660000
765,2406,5,3,1,1969,57,Rural,Yes,Yes,24.27,9,6.61,40697000
766,3586,5,4,2,2000,26,Uptown,Yes,No,3.05,7,4.21,51325000
767,5080,3,2,3,2016,10,Uptown,No,No,38.91,6,9.56,66953000
768,2575,4,2,2,1967,59,Uptown,No,Yes,21.99,9,6.8,49491000
769,1213,2,3,3,1985,41,Suburb,Yes,No,22.61,7,7.86,19876000
770,1562,6,1,3,2021,5,Waterfront,No,Yes,21.04,5,2.97,43196000
771,2476,2,2,3,1988,38,Rural,Yes,No,24.62,9,0.88,38036000
772,1796,3,4,3,1969,57,Waterfront,Yes,Yes,10.94,6,4.88,32744000
773,625,6,1,3,1976,50,Waterfront,No,Yes,11.85,6,3.18,26525000
774,5132,5,1,1,1961,65,Uptown,Yes,Yes,20.7,4,2.08,73419000
775,4096,1,2,3,1965,61,Suburb,No,Yes,32.36,1,9.44,54515000
776,3783,3,2,3,2017,9,Downtown,Yes,Yes,2.47,5,4.45,48420000
777,2103,3,1,1,1964,62,Suburb,Yes,No,24.33,9,1.81,28799000
778,566,4,1,1,1987,39,Waterfront,No,No,32.37,8,2.05,19121000
779,732,2,3,1,2021,5,Suburb,Yes,Yes,6.7,8,2.85,19107000
780,2656,3,4,1,2000,26,Uptown,No,Yes,1.09,5,9.89,45065000
781,1669,3,3,1,1964,62,Downtown,No,Yes,12.85,9,2.73,32717000
782,2658,5,2,1,1977,49,Uptown,Yes,No,23.73,3,3.32,34792000
783,4706,5,3,3,1985,41,Downtown,Yes,No,5.96,3,6.56,68511000
784,1993,6,3,3,1979,47,Waterfront,Yes,No,17.33,1,2.98,41431000
785,5218,1,3,2,2000,26,Downtown,Yes,No,22.32,9,2.21,73131000
786,4507,4,3,3,2008,18,Downtown,Yes,Yes,24.16,6,1.65,70184000
787,2972,1,4,3,1986,40,Downtown,Yes,Yes,11.34,2,3.16,49572000
788,3160,6,4,1,2008,18,Suburb,Yes,No,16.3,8,1.14,50984000
789,3239,5,1,1,1971,55,Suburb,Yes,No,31.24,9,0.28,46011000
790,2261,2,2,3,1966,60,Waterfront,No,Yes,37.68,9,7.99,29510000
791,4014,5,3,2,2018,8,Downtown,No,Yes,34.54,2,1.45,60659000
792,2475,4,1,1,1962,64,Rural,No,No,22.79,2,7.7,33084000
793,2862,5,1,3,1969,57,Waterfront,Yes,Yes,16.71,7,7.92,48335000
794,1376,4,1,3,1993,33,Downtown,No,Yes,13.65,4,5.37,22063000
795,4312,4,4,2,1984,42,Downtown,Yes,No,5.44,1,3.13,56302000
796,3948,4,3,2,1994,32,Suburb,No,Yes,4.71,8,1.52,61089000
797,1812,6,3,1,1975,51,Waterfront,No,Yes,27.69,2,7.32,34733000
798,1960,4,2,2,1961,65,Downtown,Yes,No,10.76,3,5.99,37698000
799,3209,4,3,3,2019,7,Downtown,No,No,10.56,5,6.52,50162000
800,2824,2,3,3,1983,43,Waterfront,No,No,39.93,3,0.18,44342000
801,2233,1,1,2,1969,57,Rural,No,Yes,7.92,7,9.19,34025000
802,2105,3,2,2,1997,29,Waterfront,No,Yes,6.35,7,0.75,36218000
803,3063,1,3,2,1981,45,Waterfront,Yes,No,4.4,2,3.69,47499000
804,3921,4,4,2,1985,41,Rural,Yes,No,23.4,7,4.05,49387000
805,4017,2,3,1,2002,24,Waterfront,Yes,Yes,25.3,6,0.11,56694000
806,2897,5,1,2,2014,12,Downtown,No,No,14.93,10,4.97,45313000
807,4235,2,4,1,1998,28,Waterfront,Yes,Yes,21.65,9,7.48,62686000
808,3370,4,1,3,1986,40,Rural,No,Yes,31.64,9,8.17,41734000
809,1660,2,3,2,1988,38,Uptown,Yes,Yes,32.82,2,8.72,34828000
810,5354,2,4,1,2006,20,Waterfront,Yes,Yes,38.34,7,4.88,68819000
811,742,4,2,2,1997,29,Suburb,Yes,Yes,33.06,5,6.28,17439000
812,3090,6,2,3,1979,47,Downtown,No,No,22.81,6,0.88,46837000
813,1563,2,4,3,1986,40,Downtown,Yes,No,7.6,1,4.88,37386000
814,4824,3,4,3,2000,26,Suburb,Yes,No,4.44,7,1.62,66545000
815,3095,3,1,2,2013,13,Suburb,Yes,Yes,2.65,6,3.72,50270000
816,1419,2,4,2,1979,47,Waterfront,Yes,Yes,26.83,4,3.33,22361000
817,505,6,1,1,2003,23,Suburb,Yes,Yes,32.4,1,4.25,17393000
818,967,5,3,3,1978,48,Uptown,No,Yes,20.59,9,5.7,29256000
819,4670,4,1,2,1979,47,Rural,Yes,No,2.66,4,8.95,58666000
820,503,3,4,3,1994,32,Suburb,Yes,No,21.65,2,3.97,21403000
821,1145,5,4,3,2006,20,Suburb,No,No,37.46,8,9.72,21738000
822,617,2,3,1,1961,65,Uptown,No,Yes,24.11,2,7.54,23345000
823,3428,5,4,1,1989,37,Downtown,Yes,Yes,32.47,5,5.11,63679000
824,3051,1,4,1,2012,14,Downtown,Yes,Yes,32.11,6,6.41,43993000
825,4789,3,2,1,1993,33,Waterfront,No,Yes,37.32,8,1.1,64613000
826,1346,2,2,3,1981,45,Uptown,No,No,30.92,1,8.38,31388000
827,3262,4,3,1,1962,64,Rural,No,No,30.03,1,5.81,49220000
828,1641,6,1,1,1965,61,Rural,Yes,Yes,9.75,4,9.76,22999000
829,2310,2,2,1,1974,52,Uptown,Yes,No,2.87,5,6.34,34266000
830,1223,4,1,1,1986,40,Rural,No,No,20.95,9,8.27,18669000
831,724,6,4,3,1969,57,Downtown,Yes,Yes,5.42,7,7.94,17737000
832,5127,6,2,1,1968,58,Rural,Yes,No,38.51,7,3.49,59648000
833,4708,2,3,3,1992,34,Rural,No,Yes,11.95,8,2.64,54617000
834,5154,5,3,2,1991,35,Uptown,No,Yes,34.19,5,4.32,65885000
835,2548,5,3,3,2007,19,Uptown,Yes,No,15.81,5,4.68,42336000
836,5249,6,2,3,1965,61,Rural,No,No,13.27,1,2.45,66972000
837,4915,5,1,1,2000,26,Suburb,Yes,Yes,37.44,9,8.87,72331000
838,2073,1,4,2,2018,8,Uptown,Yes,Yes,14.85,6,5.42,30279000
839,2328,6,1,2,1995,31,Waterfront,No,No,15.92,9,9.69,46612000
840,2417,6,1,2,2018,8,Waterfront,Yes,No,4.69,3,8.04,41989000
841,4734,4,4,2,2019,7,Downtown,Yes,No,26.98,5,5.55,66488000
842,2526,5,4,3,1961,65,Rural,No,Yes,11.91,2,9.38,39126000
843,4244,6,2,2,1988,38,Suburb,Yes,No,23.63,10,5.05,53634000
844,1401,1,2,3,1963,63,Downtown,Yes,Yes,23.86,5,8.79,28104000
845,5285,4,2,3,1960,66,Rural,No,No,28.91,8,3.61,66038000
846,2539,2,2,3,1978,48,Uptown,No,Yes,29.94,2,3.81,40567000
847,509,6,2,2,1985,41,Waterfront,No,No,20.82,8,4.2,23530000
848,760,1,4,1,1984,42,Suburb,No,Yes,13.57,4,5.46,29394000
849,2173,3,1,1,1969,57,Waterfront,Yes,Yes,33.58,10,5.52,34315000
850,2719,1,2,2,2012,14,Uptown,No,Yes,12.74,10,4.96,39190000
851,2560,1,2,1,1974,52,Rural,Yes,Yes,20.55,1,3.1,29448000
852,4213,4,1,1,2018,8,Uptown,No,No,16.35,5,9.19,55267000
853,2119,2,2,3,1981,45,Uptown,Yes,No,34.28,1,5.87,29904000
854,820,3,1,3,2010,16,Waterfront,Yes,No,17.56,7,4.1,30061000
855,1842,5,1,2,2007,19,Suburb,Yes,Yes,15.75,8,6.48,39259000
856,2876,5,4,2,1980,46,Uptown,Yes,No,27.75,3,7.63,41687000
857,3332,1,3,1,2018,8,Waterfront,No,No,24.3,3,9.52,44780000
858,3324,4,4,3,2015,11,Suburb,Yes,Yes,4.74,7,5.0,52349000
859,2494,4,3,2,1981,45,Rural,Yes,Yes,20.57,4,1.2,32810000
860,3458,5,3,2,1995,31,Rural,Yes,No,29.55,3,4.42,49237000
861,2538,3,3,2,1993,33,Downtown,Yes,No,39.69,8,4.79,41980000
862,3990,2,2,2,1989,37,Waterfront,No,No,25.35,3,8.89,48534000
863,4177,3,4,2,1984,42,Suburb,No,Yes,15.13,7,3.97,64768000
864,1618,6,3,2,2004,22,Uptown,No,No,9.43,2,9.44,40482000
865,2104,6,1,1,1987,39,Rural,No,Yes,34.98,1,4.85,26718000
866,4527,2,2,3,1960,66,Suburb,No,No,32.68,6,9.64,55415000
867,735,5,4,3,2008,18,Waterfront,Yes,No,9.74,8,0.18,28201000
868,2469,2,3,2,2004,22,Downtown,No,Yes,8.42,1,8.91,40899000
869,4929,4,1,3,1963,63,Rural,No,No,28.75,10,9.22,64004000
870,2408,6,4,3,1966,60,Suburb,Yes,Yes,12.94,9,9.52,49869000
871,875,1,4,3,2008,18,Suburb,No,No,12.6,3,0.23,18757000
872,4030,1,2,2,1968,58,Suburb,No,Yes,6.52,3,1.78,48614000
873,3135,5,4,2,1995,31,Waterfront,Yes,Yes,10.93,4,6.51,44538000
874,2070,4,2,3,1978,48,Waterfront,Yes,Yes,17.39,1,0.35,34209000
875,3060,3,3,3,1960,66,Waterfront,Yes,Yes,29.45,9,0.72,48862000
876,3891,4,2,2,1969,57,Uptown,No,Yes,13.78,3,2.27,63832000
877,3465,1,1,1,1995,31,Suburb,No,No,13.48,10,5.12,44044000
878,4143,1,2,3,1968,58,Rural,Yes,No,11.75,4,5.45,51971000
879,4350,6,1,1,2004,22,Waterfront,No,No,19.39,1,0.44,63094000
880,1372,4,2,3,2005,21,Waterfront,Yes,Yes,7.64,4,1.77,37509000
881,1752,4,4,1,2001,25,Suburb,Yes,No,19.68,1,5.0,42499000
882,1814,1,3,1,1991,35,Waterfront,No,Yes,28.31,5,5.92,29805000
883,5320,3,1,1,1991,35,Uptown,No,No,1.68,5,1.55,67831000
884,3398,5,2,2,1965,61,Uptown,Yes,Yes,0.89,7,4.01,56680000
885,577,5,2,1,2007,19,Waterfront,Yes,No,3.47,8,8.96,26294000
886,3121,4,2,1,1997,29,Suburb,Yes,No,21.66,4,9.89,53141000
887,4727,5,4,1,1976,50,Suburb,Yes,No,34.25,7,9.77,65680000
888,1100,1,4,3,1969,57,Suburb,Yes,Yes,0.69,4,8.74,19868000
889,1565,1,1,1,2009,17,Downtown,Yes,Yes,37.5,3,3.97,30487000
890,2636,4,1,3,1986,40,Waterfront,Yes,Yes,4.7,6,6.83,50119000
891,2949,4,4,1,2013,13,Suburb,Yes,No,33.76,4,4.18,47457000
892,2843,6,1,1,2009,17,Uptown,Yes,No,19.57,3,6.46,46847000
893,2363,4,3,2,1994,32,Rural,Yes,Yes,26.54,9,3.13,40218000
894,1818,3,3,3,2011,15,Rural,No,No,20.67,5,6.04,33334000
895,5211,5,4,1,2018,8,Suburb,No,No,19.34,7,5.23,76619000
896,4097,4,1,3,1980,46,Rural,Yes,No,33.48,6,0.34,55505000
897,4262,2,2,3,2022,4,Rural,Yes,Yes,30.36,10,7.85,53559000
898,5170,6,3,2,1984,42,Downtown,Yes,Yes,19.59,5,0.22,73524000
899,2690,2,4,2,1987,39,Uptown,Yes,Yes,4.91,7,2.97,48931000
900,1492,1,1,2,2006,20,Uptown,Yes,No,5.06,6,0.16,23849000
901,3212,5,4,2,1974,52,Downtown,Yes,Yes,32.16,10,3.79,52666000
902,2692,4,2,2,1963,63,Downtown,Yes,Yes,21.41,2,0.72,40591000
903,1748,2,3,2,1988,38,Rural,No,No,19.52,3,9.05,24740000
904,3554,5,4,2,2018,8,Waterfront,Yes,No,27.38,2,4.17,61908000
905,5098,1,4,2,1968,58,Rural,Yes,No,34.42,3,4.6,61911000
906,4533,3,4,1,1986,40,Downtown,No,Yes,25.34,1,3.53,62479000
907,2497,6,2,3,1985,41,Uptown,Yes,Yes,30.63,8,6.25,34956000
908,5416,5,4,2,1978,48,Rural,Yes,No,30.73,6,7.79,71573000
909,4187,5,2,2,2015,11,Waterfront,Yes,Yes,14.57,2,6.45,65275000
910,2651,3,2,3,1987,39,Rural,Yes,Yes,11.33,8,7.43,47863000
911,4518,5,2,1,1976,50,Suburb,No,Yes,32.15,6,8.98,57905000
912,3610,1,3,3,2002,24,Rural,Yes,Yes,15.4,7,8.56,47616000
913,2470,1,3,3,2016,10,Downtown,Yes,Yes,36.18,1,6.71,39809000
914,697,3,4,2,2000,26,Uptown,Yes,No,3.25,7,2.2,29742000
915,3126,6,4,3,2001,25,Uptown,Yes,No,2.8,3,6.35,49403000
916,1702,4,3,3,2009,17,Downtown,No,No,37.12,8,5.06,34242000
917,2535,2,1,2,1979,47,Suburb,No,Yes,26.11,6,7.13,38913000
918,977,4,3,2,2004,22,Downtown,Yes,Yes,15.49,4,8.26,25820000
919,1754,5,2,2,1999,27,Rural,Yes,Yes,30.32,8,7.38,25557000
920,1422,2,3,2,1998,28,Downtown,Yes,No,27.06,9,8.4,29394000
921,919,3,2,3,2008,18,Downtown,No,Yes,21.48,10,0.73,30099000
922,2704,3,4,3,2012,14,Suburb,Yes,No,4.41,2,0.41,36596000
923,3097,6,1,1,1982,44,Rural,Yes,No,32.58,6,2.63,42578000
924,1620,2,4,1,2006,20,Waterfront,Yes,Yes,34.71,5,8.93,28098000
925,3568,1,2,3,1991,35,Waterfront,Yes,Yes,7.3,5,8.17,58844000
926,1450,2,2,1,2011,15,Uptown,Yes,No,34.1,10,6.79,19711000
927,2836,5,2,3,2006,20,Downtown,Yes,No,35.17,3,6.97,42048000
928,2743,1,1,1,2023,3,Uptown,Yes,Yes,22.2,8,7.22,42873000
929,3145,3,3,2,2022,4,Suburb,Yes,Yes,26.42,8,9.34,53434000
930,2357,2,4,1,1992,34,Waterfront,Yes,No,15.6,5,8.26,39650000
931,5112,4,4,2,2016,10,Downtown,No,Yes,11.63,8,6.21,69040000
932,2365,6,3,2,2005,21,Suburb,Yes,Yes,29.02,10,6.62,48686000
933,3412,4,4,2,1964,62,Suburb,Yes,Yes,34.54,8,2.19,41567000
934,3353,6,1,2,2002,24,Downtown,No,No,26.34,3,6.54,39443000
935,5410,5,4,1,2007,19,Suburb,Yes,Yes,20.71,2,4.26,73598000
936,3728,4,2,3,1993,33,Downtown,Yes,Yes,6.78,9,1.6,54161000
937,4219,2,3,2,1999,27,Downtown,No,Yes,2.61,2,8.0,53764000
938,3728,2,1,1,1970,56,Rural,Yes,No,18.1,9,5.1,50204000
939,2871,4,3,2,2020,6,Uptown,No,No,2.45,4,9.68,46072000
940,3391,2,1,1,2009,17,Suburb,Yes,No,22.99,2,2.86,42761000
941,4256,5,2,1,1962,64,Suburb,Yes,No,15.62,10,4.81,51751000
942,4725,1,3,1,2021,5,Rural,Yes,No,30.41,1,4.49,61442000
943,594,5,4,3,2017,9,Rural,Yes,Yes,12.57,4,1.28,20476000
944,3174,6,1,1,1992,34,Rural,No,Yes,23.92,9,4.28,43105000
945,2455,5,3,1,1970,56,Waterfront,No,No,21.74,9,2.92,52115000
946,1293,6,4,3,1975,51,Waterfront,No,Yes,0.69,4,1.67,26926000
947,2334,2,3,3,1977,49,Waterfront,No,Yes,3.36,9,2.87,33567000
948,2616,1,3,1,1989,37,Downtown,No,No,11.97,6,2.39,37215000
949,4606,2,3,3,2007,19,Suburb,Yes,Yes,35.35,1,7.29,59307000
950,3825,3,1,2,2014,12,Uptown,Yes,Yes,6.31,10,0.4,57285000
951,3419,2,4,2,1969,57,Downtown,Yes,No,28.58,6,6.15,48621000
952,3097,6,2,3,1977,49,Suburb,Yes,No,38.95,9,7.55,47406000
953,3705,2,1,3,1997,29,Suburb,No,Yes,31.73,2,4.81,42469000
954,5307,2,1,1,2022,4,Rural,Yes,No,10.1,6,9.23,71761000
955,1314,1,1,3,1978,48,Rural,Yes,No,36.38,2,7.04,17588000
956,845,2,2,1,1995,31,Downtown,Yes,No,4.18,4,7.43,26959000
957,2849,1,4,2,2018,8,Rural,Yes,Yes,18.99,8,2.03,41054000
958,862,4,4,3,2022,4,Suburb,Yes,Yes,35.56,7,7.72,23843000
959,2943,3,4,1,1972,54,Rural,Yes,No,25.83,9,8.25,42346000
960,2765,1,3,1,2015,11,Waterfront,Yes,No,16.84,7,3.64,46834000
961,2688,6,3,2,2005,21,Rural,Yes,No,12.07,1,2.19,42298000
962,3505,4,3,3,1962,64,Suburb,No,Yes,15.32,2,3.87,55453000
963,3781,1,2,2,1969,57,Downtown,Yes,Yes,20.6,6,7.35,53641000
964,1484,1,3,1,1997,29,Uptown,Yes,No,13.1,7,4.19,31248000
965,2139,3,2,1,1960,66,Rural,Yes,Yes,38.77,3,7.32,27786000
966,1327,6,4,3,2014,12,Suburb,Yes,No,37.36,9,1.21,35788000
967,3230,5,3,1,2015,11,Uptown,Yes,Yes,34.89,7,8.0,45720000
968,4031,5,3,3,1986,40,Uptown,Yes,Yes,17.16,6,2.58,67951000
969,4951,1,1,2,2005,21,Waterfront,Yes,No,27.81,6,2.54,67112000
970,3435,2,2,3,1967,59,Uptown,Yes,No,36.16,1,5.89,40028000
971,4376,6,4,3,2010,16,Suburb,Yes,Yes,34.09,5,0.79,62382000
972,626,4,1,1,2005,21,Suburb,Yes,Yes,16.87,10,0.36,15258000
973,3677,2,1,1,2001,25,Rural,No,No,4.94,3,2.66,50327000
974,3556,2,4,3,1976,50,Rural,Yes,Yes,3.49,7,5.37,44036000
975,1103,6,1,1,1968,58,Rural,No,No,23.29,10,8.99,17545000
976,3949,1,2,1,2020,6,Uptown,Yes,No,25.88,3,8.4,43774000
977,4646,1,2,1,1965,61,Uptown,Yes,Yes,34.07,5,4.91,58049000
978,4033,1,3,3,2002,24,Waterfront,No,No,12.05,7,0.46,46898000
979,3867,1,1,1,1984,42,Rural,No,Yes,7.12,3,5.35,39114000
980,3868,5,3,3,1998,28,Downtown,Yes,No,15.47,10,7.01,62314000
981,4297,1,1,1,2008,18,Waterfront,Yes,Yes,14.47,2,3.42,63789000
982,2292,5,2,2,2019,7,Downtown,Yes,No,5.73,6,1.19,43267000
983,3361,5,2,1,1987,39,Uptown,Yes,Yes,27.06,8,2.83,45653000
984,3976,1,2,1,1992,34,Waterfront,Yes,Yes,20.59,4,7.66,55880000
985,3917,3,1,3,2013,13,Waterfront,Yes,No,28.98,9,3.54,58190000
986,2145,4,2,3,1996,30,Suburb,Yes,No,14.43,8,8.06,29150000
987,1705,2,1,1,1968,58,Uptown,Yes,No,13.37,7,3.23,36898000
988,3530,5,3,2,1977,49,Uptown,No,Yes,19.17,7,1.7,57162000
989,3372,6,1,1,2015,11,Waterfront,No,No,35.16,3,4.37,50892000
990,3572,6,3,1,2018,8,Uptown,No,Yes,2.09,6,4.53,54894000
991,2354,4,1,2,1980,46,Waterfront,Yes,Yes,32.29,5,0.26,41456000
992,4521,6,3,3,1961,65,Suburb,No,No,15.08,1,1.25,50994000
993,5162,3,2,1,2020,6,Waterfront,No,Yes,34.26,3,1.91,69443000
994,3208,6,3,3,2017,9,Uptown,Yes,No,32.19,1,1.21,46251000
995,4002,2,2,3,2002,24,Uptown,Yes,No,14.28,4,3.45,50840000
996,1832,2,2,2,2018,8,Waterfront,No,No,27.91,10,9.55,32699000
997,701,5,3,2,2019,7,Waterfront,Yes,No,6.81,3,5.09,33604000
998,4007,1,1,3,1997,29,Waterfront,Yes,No,35.9,4,6.25,59202000
999,4712,3,1,1,2017,9,Rural,Yes,Yes,16.48,9,3.59,56830000
1000,1074,5,4,3,1999,27,Uptown,Yes,No,18.5,3,3.27,29106000
